file;gains;gains_percent;num_projects;num_projects_cat;num_voters;num_voters_cat;avg_vote_length;avg_vote_length_cat
poland_lodz_2020_andrzejow.pb;876;0.8455598455598455;9;10;1036;1000;2.5974903474903477;3
poland_lodz_2020_dolina-lodki.pb;636;0.9769585253456221;4;0;651;1000;1.1643625192012288;1
poland_lodz_2020_gorniak.pb;731;0.9631093544137023;5;0;759;1000;1.7246376811594204;2
poland_lodz_2020_im-montwilla-mireckiego.pb;326;0.5488215488215489;16;20;594;1000;3.0942760942760943;3
poland_lodz_2020_lagiewniki.pb;408;0.9379310344827586;5;0;435;0;2.2367816091954023;2
poland_lodz_2020_baluty-zachodnie.pb;2062;0.9259092950157162;9;10;2227;2000;2.0291872474180512;2
poland_lodz_2020_nr-33.pb;217;0.9156118143459916;5;0;237;0;1.4936708860759493;1
poland_lodz_2020_nad-nerem.pb;550;0.9046052631578947;8;10;608;1000;1.730263157894737;2
poland_lodz_2020_koziny.pb;1088;0.8566929133858268;9;10;1270;1000;2.473228346456693;2
poland_lodz_2020_mileszki.pb;835;0.8743455497382199;9;10;955;1000;2.22303664921466;2
poland_lodz_2020_baluty-centrum.pb;2143;0.722278395685878;20;20;2967;3000;2.5827435119649476;3
poland_lodz_2020_baluty-doly.pb;1571;0.5183107885186407;25;20;3031;3000;2.9630484988452657;3
poland_lodz_2020_lublinek-pienista.pb;1519;0.8846825859056494;10;10;1717;2000;2.765288293535236;3
poland_lodz_2020_nowosolna.pb;1412;0.9791955617198336;5;0;1442;1000;1.7787794729542303;2
poland_lodz_2020_julianow-marysin-rogi.pb;1720;0.7627494456762749;15;20;2255;2000;2.439911308203991;2
poland_lodz_2020_wzniesien-lodzkich.pb;659;0.9564586357039188;6;10;689;1000;1.5195936139332367;2
poland_lodz_2020_piastow-kurak.pb;1947;0.9365079365079365;8;10;2079;2000;1.7532467532467533;2
poland_lodz_2020_rokicie.pb;1643;0.838265306122449;11;10;1960;2000;2.378061224489796;2
poland_lodz_2020_wiskitno.pb;1355;0.9948604992657856;3;0;1362;1000;1.7958883994126285;2
poland_lodz_2020_srodmiescie-wschod.pb;1470;0.6783571758191047;16;20;2167;2000;2.6562067374250113;3
poland_lodz_2020_ruda.pb;1901;0.8186907838070628;13;10;2322;2000;2.5120585701981053;3
poland_lodz_2020_zdrowie-mania.pb;718;0.8067415730337079;13;10;890;1000;2.449438202247191;2
poland_lodz_2020_retkinia-zachod-smulsko.pb;2110;0.7962264150943397;13;10;2650;3000;2.66188679245283;3
poland_lodz_2020_olechow-janow.pb;2720;0.8210081497132509;12;10;3313;3000;2.292785994566858;2
poland_lodz_2020_karolew-retkinia-wschod.pb;2490;0.6479313036690086;26;30;3843;4000;2.654176424668228;3
poland_lodz_2020_chojny.pb;4617;0.8588169642857143;14;10;5376;5000;2.7526041666666665;3
poland_lodz_2020_chojny-dabrowa.pb;3795;0.7270114942528736;21;20;5220;5000;2.4308429118773947;2
poland_lodz_2020_widzew-wschod.pb;2228;0.9183841714756802;8;10;2426;2000;2.3784006595218465;2
poland_lodz_2020_stoki-sikawa-podgorze.pb;1888;0.8099528099528099;15;20;2331;2000;2.687258687258687;3
poland_lodz_2020_srodmiescie-katedralna.pb;2580;0.8341416100872939;16;20;3093;3000;1.786291626252829;2
poland_lodz_2020_stare-polesie.pb;2371;0.8328064629434493;12;10;2847;3000;1.9764664559185108;2
poland_lodz_2022_andrzejow.pb;945;0.9051724137931034;7;10;1044;1000;2.210727969348659;2
poland_lodz_2022_im-jozefa-montwilla-mireckiego.pb;507;0.7776073619631902;9;10;652;1000;2.1901840490797544;2
poland_lodz_2020_radogoszcz.pb;2519;0.6977839335180056;17;20;3610;4000;3.092797783933518;3
poland_lodz_2020_zarzew.pb;1961;0.7355588897224306;14;10;2666;3000;2.7231807951988;3
poland_lodz_2022_dolina-lodki.pb;1321;0.81442663378545;22;20;1622;2000;2.0431565967940815;2
poland_lodz_2022_gorniak.pb;1117;0.796718972895863;13;10;1402;1000;2.1504992867332384;2
poland_lodz_2022_lagiewniki.pb;910;0.9276248725790011;7;10;981;1000;1.5056065239551477;2
poland_lodz_2022_mileszki.pb;604;0.975767366720517;4;0;619;1000;1.6397415185783522;2
poland_lodz_2022_nad-nerem.pb;279;0.8857142857142857;8;10;315;0;2.6285714285714286;3
poland_lodz_2020_stary-widzew.pb;3337;0.7829657437822619;23;20;4262;4000;2.3845612388549977;2
poland_lodz_2022_katedralna.pb;1421;0.7401041666666667;15;20;1920;2000;2.127083333333333;2
poland_lodz_2022_nr-33.pb;547;0.9447322970639033;6;10;579;1000;1.309153713298791;1
poland_lodz_2022_nowosolna.pb;624;0.9570552147239264;5;0;652;1000;2.2254601226993866;2
poland_lodz_2022_lublinek-pienista.pb;1069;0.6865767501605652;13;10;1557;2000;2.9569685292228645;3
poland_lodz_2022_koziny.pb;1234;0.6765350877192983;21;20;1824;2000;3.030701754385965;3
poland_lodz_2020_zlotno.pb;2716;0.7544444444444445;17;20;3600;4000;2.803611111111111;3
poland_lodz_2022_julianow-marysin-rogi.pb;2682;0.8676803623422841;14;10;3091;3000;2.1734066645098675;2
poland_lodz_2020_teofilow-wielkopolska.pb;3617;0.7524443519866861;18;20;4807;5000;2.8364884543374247;3
poland_lodz_2022_baluty-centrum.pb;2919;0.7726310217046056;19;20;3778;4000;2.3395976707252513;2
poland_lodz_2022_chojny.pb;2209;0.6742979242979243;19;20;3276;3000;2.878205128205128;3
poland_lodz_2022_rokicie.pb;1645;0.8384301732925586;13;10;1962;2000;2.3695208970438326;2
poland_lodz_2022_ruda.pb;1420;0.7267144319344934;15;20;1954;2000;2.7113613101330603;3
poland_lodz_2022_chojny-dabrowa.pb;3201;0.7047556142668427;25;20;4542;5000;2.517393218846323;3
poland_lodz_2022_wiskitno.pb;1123;0.9938053097345133;3;0;1130;1000;1.2300884955752212;1
poland_lodz_2022_retkinia-zachod-smulsko.pb;1811;0.7343876723438767;15;20;2466;2000;2.643146796431468;3
poland_lodz_2022_stoki-sikawa-podgorze.pb;993;0.5910714285714286;23;20;1680;2000;2.982142857142857;3
poland_lodz_2022_baluty-doly.pb;2533;0.6351554663991976;26;30;3988;4000;2.749247743229689;3
poland_lodz_2022_wzniesien-lodzkich.pb;777;0.9910714285714286;3;0;784;1000;1.2589285714285714;1
poland_lodz_2022_zdrowie-mania.pb;328;0.7130434782608696;14;10;460;0;1.9782608695652173;2
poland_lodz_2022_stary-widzew.pb;1544;0.6168597682780663;29;30;2503;3000;2.7091490211745906;3
poland_lodz_2022_karolew-retkinia-wschod.pb;2652;0.5944855413584398;37;40;4461;4000;3.08675184936113;3
poland_lodz_2022_olechow-janow.pb;2309;0.8121702427013717;12;10;2843;3000;2.8635244460077383;3
poland_lodz_2022_piastow-kurak.pb;2722;0.9271117166212535;9;10;2936;3000;1.603201634877384;2
poland_lodz_2022_srodmiescie-wschod.pb;1755;0.752895752895753;17;20;2331;2000;2.475761475761476;2
poland_lodz_2022_stare-polesie.pb;2187;0.7282717282717283;20;20;3003;3000;2.1465201465201464;2
poland_lodz_2022_widzew-wschod.pb;2747;0.8324242424242424;13;10;3300;3000;2.7593939393939393;3
poland_lodz_2022_radogoszcz.pb;2517;0.6708422174840085;20;20;3752;4000;3.231876332622601;3
poland_lodz_2022_zarzew.pb;2103;0.8388512165935381;12;10;2507;3000;2.388113282808137;2
poland_lodz_2022_zlotno.pb;2975;0.8618192352259559;13;10;3452;3000;2.205677867902665;2
poland_poznan_2023_9-stare-miasto.pb;6036;0.9864356921065534;7;10;6119;6000;1.226997875469848;1
poland_warszawa_2017_aleksandrow.pb;409;0.9691943127962085;5;0;422;0;1.457345971563981;1
poland_warszawa_2017_anin.pb;278;0.5450980392156863;17;20;510;1000;3.4529411764705884;3
poland_poznan_2023_11-fabianowo-kotowo-gorczyn-junikowo-kwiatowe-lawica.pb;10800;0.9947499309201436;6;10;10857;11000;1.29464861379755;1
poland_poznan_2023_7-morasko-radojewo-naramowice-umultowo.pb;9467;0.9937021097932193;6;10;9527;10000;1.2925370001049648;1
poland_poznan_2023_2-kiekrz-krzyzowniki-smochowice-podolany-strzeszyn.pb;9283;0.9718383584589615;9;10;9552;10000;1.8283082077051926;2
poland_poznan_2023_3-piatkowo-polnoc-piatkowo.pb;9948;0.9941041271110223;6;10;10007;10000;1.3161786749275508;1
poland_lodz_2022_baluty-zachodnie.pb;14208;0.9822329761493259;11;10;14465;14000;1.767715174559281;2
poland_warszawa_2017_brodno-podgrodzie.pb;380;0.4791929382093316;17;20;793;1000;4.360655737704918;4
poland_warszawa_2017_boernerowo-fort-radiowo-groty-gorce.pb;630;0.973724884080371;4;0;647;1000;2.661514683153014;3
poland_warszawa_2017_centrum-wola-grzybowska-groszowka.pb;383;0.6603448275862069;19;20;580;1000;2.7413793103448274;3
poland_poznan_2023_4-gluszyna-krzesiny-pokrzywno-garaszewo-staroleka-minikowo-szczepankowo-splawie-krzesinki.pb;12377;0.9865295711780647;8;10;12546;13000;1.5208034433285509;2
poland_poznan_2023_6-ogrody-solacz-winiary-wola.pb;11276;0.994619387845109;6;10;11337;11000;1.1859398429919732;1
poland_poznan_2023_12-antoninek-zieliniec-kobylepole-glowna-ostrow-tumski-srodka-zawady-komandoria-warszawskie-pomet-maltanskie.pb;10980;0.968937522061419;12;10;11332;11000;1.3123896929050476;1
poland_poznan_2023_13-jezyce-sw-lazarz.pb;10905;0.9564111559375548;14;10;11402;11000;1.2691633046833888;1
poland_warszawa_2017_falenica.pb;228;0.46153846153846156;13;10;494;0;3.9210526315789473;4
poland_warszawa_2017_chomiczowka.pb;529;0.731673582295989;11;10;723;1000;4.8796680497925315;5
poland_poznan_2023_10-swierczewo-wilda-zielony-debiec.pb;10737;0.9829717110683878;8;10;10923;11000;1.3486221733955872;1
poland_warszawa_2017_choszczowka-dabrowka-szlachecka-bialoleka-dworska-henrykow-szamocin.pb;613;0.38994910941475824;29;30;1572;2000;5.935750636132315;6
poland_warszawa_2017_grochow-centrum.pb;578;0.6997578692493946;15;20;826;1000;3.2445520581113803;3
poland_warszawa_2017_czyste-mirow.pb;754;0.5686274509803921;21;20;1326;1000;3.683257918552036;4
poland_warszawa_2017_grochow-kinowa.pb;469;0.6577840112201964;15;20;713;1000;3.6185133239831697;4
poland_warszawa_2017_las.pb;118;0.8740740740740741;5;0;135;0;3.3555555555555556;3
poland_warszawa_2017_kamionek.pb;788;0.8500539374325782;9;10;927;1000;2.9439050701186624;3
poland_warszawa_2017_grochow-polnocny.pb;1020;0.7418181818181818;14;10;1375;1000;3.069818181818182;3
poland_warszawa_2017_chrzanow-jelonki-polnocne-jelonki-poludniowe.pb;1671;0.7544018058690745;16;20;2215;2000;3.1968397291196387;3
poland_warszawa_2017_marysin-polnocny.pb;337;0.8488664987405541;8;10;397;0;2.4937027707808563;2
poland_warszawa_2017_marymont-potok-zoliborz-dziennikarski.pb;316;0.5383304940374787;13;10;587;1000;5.8398637137989775;6
poland_warszawa_2017_brodno.pb;1537;0.4382663244938694;44;40;3507;4000;4.731394354148845;5
poland_warszawa_2017_kolo.pb;506;0.5029821073558648;25;20;1006;1000;5.39065606361829;5
poland_warszawa_2017_marysin-poludniowy.pb;263;0.9924528301886792;2;0;265;0;1.0;1
poland_warszawa_2017_goclaw.pb;922;0.440516005733397;18;20;2093;2000;5.986622073578595;6
poland_warszawa_2017_grochow-poludniowy.pb;904;0.5368171021377672;17;20;1684;2000;5.461995249406176;5
poland_warszawa_2017_nadwisle.pb;93;0.8611111111111112;5;0;108;0;3.3703703703703702;3
poland_warszawa_2017_miedzeszyn.pb;499;0.9155963302752294;8;10;545;1000;1.8330275229357798;2
poland_warszawa_2017_miedzylesie.pb;338;0.7268817204301075;11;10;465;0;3.4172043010752686;3
poland_warszawa_2017_bemowo.pb;1577;0.3757445794615202;33;30;4197;4000;6.183464379318561;6
poland_warszawa_2017_niskie-okecie.pb;424;0.9636363636363636;5;0;440;0;2.059090909090909;2
poland_warszawa_2017_plac-wojska-polskiego.pb;17;0.6296296296296297;4;0;27;0;1.7407407407407407;2
poland_warszawa_2017_lotnisko-bemowo-lotnisko-fort-bema.pb;610;0.4401154401154401;19;20;1386;1000;5.064213564213564;5
poland_warszawa_2017_przyczolek-grochowski.pb;167;0.9488636363636364;4;0;176;0;1.6704545454545454;2
poland_warszawa_2017_piaski.pb;503;0.8717504332755632;7;10;577;1000;3.897746967071057;4
poland_warszawa_2017_radiowo-wolka-weglowa-placowka-huta.pb;226;0.9912280701754386;2;0;228;0;1.0;1
poland_warszawa_2017_radosc.pb;229;0.8875968992248062;6;10;258;0;3.4728682170542635;3
poland_warszawa_2017_nowe-wlochy.pb;499;0.5406283856988082;17;20;923;1000;4.869989165763814;5
poland_warszawa_2017_nowa-praga-z-pelcowizna.pb;628;0.5683257918552036;15;20;1105;1000;5.1095022624434385;5
poland_warszawa_2017_mlynow.pb;751;0.5222531293463144;24;20;1438;1000;4.588317107093185;5
poland_warszawa_2017_rakowiec.pb;515;0.5088932806324111;18;20;1012;1000;4.534584980237154;5
poland_warszawa_2017_kobialka-augustow-brzeziny-grodzisk-lewandow-annopol-zeran.pb;723;0.30990141448778397;41;40;2333;2000;7.905700814402057;8
poland_poznan_2023_1-nowe-winogrady-polnoc-nowe-winogrady-poludnie-nowe-winogrady-wschod-stare-winogrady.pb;17878;0.9724760661444735;11;10;18384;18000;1.6445278503046128;2
poland_warszawa_2017_rejon-e.pb;372;0.5688073394495412;16;20;654;1000;5.466360856269113;5
poland_poznan_2023_8-chartowo-rataje-zegrze.pb;16181;0.9961829711260235;6;10;16243;16000;1.2466908822261897;1
poland_warszawa_2017_sadul.pb;113;0.9416666666666667;3;0;120;0;1.6666666666666667;2
poland_warszawa_2017_rejon-a.pb;1048;0.5077519379844961;27;30;2064;2000;4.882267441860465;5
poland_warszawa_2017_nowolipki-powazki.pb;2039;0.7154385964912281;30;30;2850;3000;3.168421052631579;3
poland_poznan_2023_5-grunwald-polnoc-grunwald-poludnie-stary-grunwald.pb;19159;0.9949109414758269;7;10;19257;19000;1.0915511242665006;1
poland_warszawa_2017_praga-polnoc.pb;496;0.25075834175935285;33;30;1978;2000;7.6976744186046515;8
poland_warszawa_2017_ruda-marymont-las-bielanski.pb;839;0.7314734088927637;14;10;1147;1000;3.27027027027027;3
poland_lodz_2022_teofilow-wielkopolska.pb;15339;0.9146145131476955;24;20;16771;17000;3.2105420070359547;3
poland_warszawa_2017_bielany.pb;3687;0.49311221077972445;44;40;7477;7000;5.146181623645847;5
poland_warszawa_2017_ochota.pb;1218;0.3913881748071979;28;30;3112;3000;5.417095115681234;5
poland_warszawa_2017_sady-zoliborskie-zatrasie.pb;645;0.5682819383259912;16;20;1135;1000;3.8933920704845817;4
poland_warszawa_2017_rembertow.pb;767;0.43235625704622327;44;40;1774;2000;5.820744081172491;6
poland_warszawa_2017_saska-kepa.pb;556;0.3782312925170068;23;20;1470;1000;4.835374149659864;5
poland_warszawa_2017_stara-praga-i-szmulowizna-z-michalowem.pb;621;0.6421923474663909;15;20;967;1000;5.130299896587384;5
poland_warszawa_2017_subunit-wawer.pb;351;0.9410187667560321;5;0;373;0;1.9571045576407506;2
poland_warszawa_2017_stara-ochota.pb;523;0.41343873517786556;22;20;1265;1000;4.345454545454546;4
poland_warszawa_2017_rejon-c.pb;1742;0.5167606051616731;40;40;3371;3000;4.799169385938891;5
poland_warszawa_2017_stare-bielany.pb;931;0.697378277153558;18;20;1335;1000;3.2389513108614234;3
poland_warszawa_2017_slodowiec.pb;605;0.8976261127596439;8;10;674;1000;2.7433234421364987;3
poland_warszawa_2017_targowek-fabryczny-elsnerow-i-utrata.pb;247;0.6551724137931034;11;10;377;0;5.159151193633952;5
poland_warszawa_2017_stara-milosna.pb;452;0.41929499072356213;29;30;1078;1000;4.996289424860853;5
poland_warszawa_2017_stare-wlochy.pb;457;0.537015276145711;15;20;851;1000;5.470035252643949;5
poland_warszawa_2017_targowek-mieszkaniowy.pb;351;0.45882352941176474;15;20;765;1000;6.142483660130719;6
poland_warszawa_2017_rejon-f.pb;1743;0.5441773337496097;47;50;3203;3000;5.165469871995005;5
poland_warszawa_2017_szczesliwice.pb;298;0.22473604826546;26;30;1326;1000;7.068627450980392;7
poland_warszawa_2017_ursus-polnocny.pb;920;0.7944732297063903;13;10;1158;1000;2.7702936096718482;3
poland_gdansk_2020_.pb;30209;0.9990739822072295;28;30;30237;30000;1.0;1
poland_warszawa_2017_rejon-b.pb;2082;0.4756682659355723;53;50;4377;4000;5.513365318711446;6
poland_warszawa_2017_sawa.pb;1244;0.5248945147679325;17;20;2370;2000;4.375105485232067;4
poland_warszawa_2017_ursus-poludniowy.pb;1217;0.6124811273276296;20;20;1987;2000;4.133366884750881;4
poland_warszawa_2017_wilanow-obszar-ii.pb;447;0.5752895752895753;21;20;777;1000;3.5688545688545688;4
poland_warszawa_2017_zerzen.pb;325;0.9938837920489296;2;0;327;0;1.0;1
poland_warszawa_2017_wysokie-okecie.pb;372;0.5102880658436214;22;20;729;1000;5.093278463648834;5
poland_warszawa_2017_zielona-grzybowa.pb;217;0.8097014925373134;8;10;268;0;3.0261194029850746;3
poland_warszawa_2017_zacisze.pb;652;0.5889792231255646;21;20;1107;1000;3.897018970189702;4
poland_warszawa_2017_wars.pb;448;0.25585379782981155;27;30;1751;2000;8.077669902912621;8
poland_warszawa_2017_rejon-d.pb;2187;0.4881696428571428;38;40;4480;4000;5.353348214285714;5
poland_warszawa_2017_zielony-ursynow.pb;504;0.6783310901749664;12;10;743;1000;4.016150740242261;4
poland_warszawa_2018_aleksandrow.pb;458;0.9642105263157895;6;10;475;0;1.9663157894736842;2
poland_warszawa_2018_anin.pb;265;0.45299145299145294;17;20;585;1000;4.977777777777778;5
poland_warszawa_2017_zoliborz-centralny.pb;343;0.3065236818588025;23;20;1119;1000;5.476318141197498;5
poland_warszawa_2017_wilanow-obszar-i.pb;776;0.4649490713001797;22;20;1669;2000;4.866387058118634;5
poland_warszawa_2017_ursynow-wysoki-poludniowy.pb;1617;0.496316758747698;17;20;3258;3000;5.03744628606507;5
poland_warszawa_2017_wawrzyszew.pb;1846;0.8248436103663985;13;10;2238;2000;4.419124218051832;4
poland_warszawa_2017_ulrychow-odolany.pb;1045;0.3753591954022989;31;30;2784;3000;6.010057471264368;6
poland_warszawa_2017_wrzeciono-mlociny.pb;1105;0.6368876080691643;18;20;1735;2000;3.534293948126801;4
poland_warszawa_2017_zoliborz-poludniowy-powazki.pb;1702;0.9821119446047317;5;0;1733;2000;2.7461050201961914;3
poland_warszawa_2018_boernerowo-fort-radiowo-groty-gorce.pb;569;0.49607672188317353;15;20;1147;1000;5.007846556233653;5
poland_warszawa_2018_czyste-mirow.pb;562;0.9590443686006827;5;0;586;1000;2.6723549488054608;3
poland_warszawa_2017_praga-poludnie.pb;3458;0.4571050892267019;43;40;7565;8000;4.297157964309319;4
poland_warszawa_2018_brodno-podgrodzie.pb;1475;0.7352941176470589;18;20;2006;2000;3.080259222333001;3
poland_warszawa_2017_ursynow-wysoki-polnocny.pb;2188;0.5073035010433573;22;20;4313;4000;5.030141432877348;5
poland_warszawa_2018_chomiczowka.pb;1004;0.6515249837767683;16;20;1541;2000;5.515898767034393;6
poland_warszawa_2018_falenica.pb;410;0.8232931726907631;8;10;498;0;3.13855421686747;3
poland_warszawa_2018_bialoleka-obszar-3.pb;1000;0.4595588235294118;21;20;2176;2000;9.612591911764707;10
poland_warszawa_2017_tarchomin-nowodwory-piekielko.pb;1531;0.31573520313466696;63;60;4849;5000;6.416168282120025;6
poland_warszawa_2018_brodno.pb;569;0.31984260820685784;31;30;1779;2000;7.178189994378864;7
poland_warszawa_2017_wawer.pb;1360;0.37735849056603776;51;50;3604;4000;5.690899001109878;6
poland_warszawa_2018_grochow-kinowa.pb;447;0.5411622276029056;18;20;826;1000;4.171912832929782;4
poland_warszawa_2018_grochow-centrum.pb;516;0.5286885245901639;15;20;976;1000;5.013319672131147;5
poland_warszawa_2018_kolo.pb;296;0.4860426929392446;13;10;609;1000;6.490968801313629;6
poland_warszawa_2018_marysin-wawerski-polnocny.pb;253;0.8433333333333333;8;10;300;0;2.566666666666667;3
poland_warszawa_2018_las.pb;287;0.7396907216494846;12;10;388;0;4.286082474226804;4
poland_warszawa_2018_marysin-wawerski-poludniowy.pb;495;0.9782608695652174;4;0;506;1000;1.3992094861660078;1
poland_warszawa_2018_grochow-polnocny.pb;768;0.8205128205128205;9;10;936;1000;4.7243589743589745;5
poland_warszawa_2018_miedzeszyn.pb;413;0.9096916299559471;7;10;454;0;2.4757709251101323;2
poland_warszawa_2018_miedzylesie.pb;419;0.9394618834080718;6;10;446;0;2.2511210762331837;2
poland_warszawa_2018_nadwisle.pb;150;0.9554140127388535;3;0;157;0;1.9044585987261147;2
poland_warszawa_2018_kamionek.pb;1107;0.9036734693877551;11;10;1225;1000;2.67265306122449;3
poland_warszawa_2018_niskie-okecie.pb;152;0.6637554585152838;12;10;229;0;3.7991266375545854;4
poland_warszawa_2018_bialoleka-obszar-2.pb;955;0.3917145200984413;35;40;2438;2000;7.279737489745693;7
poland_warszawa_2018_chrzanow-jelonki-polnocne-jelonki-poludniowe.pb;1057;0.401595744680851;23;20;2632;3000;6.9878419452887535;7
poland_warszawa_2018_muranow.pb;738;0.8367346938775511;8;10;882;1000;4.311791383219955;4
poland_warszawa_2017_srodmiescie.pb;2385;0.41370338248048566;57;60;5765;6000;6.362705984388551;6
poland_warszawa_2018_nowe-wlochy.pb;346;0.32427366447985007;23;20;1067;1000;5.50796626054358;6
poland_warszawa_2018_lotnisko-bemowo-lotnisko-fort-bema.pb;467;0.3225138121546961;22;20;1448;1000;7.712707182320442;8
poland_warszawa_2018_grochow-poludniowy.pb;1213;0.5367256637168142;19;20;2260;2000;5.365044247787611;5
poland_warszawa_2018_obszar-1-plac-wojska-polskiego-wola-grzybowska-centrum-groszowka-grzybowa-zielona.pb;899;0.8473138548539114;11;10;1061;1000;2.899151743638077;3
poland_warszawa_2018_pole-mokotowskie.pb;7;0.875;1;0;8;0;1.0;1
poland_warszawa_2018_obszar-2-stara-milosna.pb;635;0.7418224299065421;12;10;856;1000;3.9053738317757007;4
poland_warszawa_2018_obszar-1-zoliborz-centralny.pb;260;0.22988505747126442;30;30;1131;1000;6.872679045092839;7
poland_warszawa_2018_nowolipki-powazki.pb;1196;0.715311004784689;18;20;1672;2000;2.9461722488038276;3
poland_warszawa_2018_obszar-3-marymont-potok-zoliborz-dziennikarski.pb;354;0.4111498257839721;21;20;861;1000;4.648083623693379;5
poland_warszawa_2018_przyczolek-grochowski.pb;93;0.9893617021276596;1;0;94;0;1.0;1
poland_warszawa_2018_radiowo-wolka-weglowa-placowka-huta.pb;148;0.9932885906040269;1;0;149;0;1.0;1
poland_warszawa_2018_mlynow.pb;1210;0.5664794007490637;23;20;2136;2000;4.24812734082397;4
poland_warszawa_2018_obszar-2-sady-zoliborskie-zatrasie.pb;706;0.4650856389986825;27;30;1518;2000;4.52635046113307;5
poland_warszawa_2018_piaski.pb;493;0.5990279465370596;15;20;823;1000;5.3900364520048605;5
poland_warszawa_2018_goclaw.pb;647;0.22886452069331442;34;30;2827;3000;8.346657233816767;8
poland_warszawa_2018_radosc.pb;654;0.8257575757575757;11;10;792;1000;2.507575757575758;3
poland_warszawa_2018_przywisle.pb;569;0.6905339805825244;11;10;824;1000;6.214805825242719;6
poland_warszawa_2018_obszar-ii-stara-praga-ze-szmulowizna-z-michalowem.pb;481;0.31917717319177175;27;30;1507;2000;6.2700729927007295;6
poland_warszawa_2018_bialoleka-obszar-1.pb;1298;0.2486590038314176;48;50;5220;5000;7.505172413793104;8
poland_warszawa_2018_rejon-1.pb;1237;0.8335579514824798;14;10;1484;1000;3.034366576819407;3
poland_warszawa_2018_rejon-4.pb;810;0.7655954631379962;13;10;1058;1000;3.169187145557656;3
poland_warszawa_2018_obszar-i-nowa-praga-z-pelcowizna.pb;1030;0.47929269427640764;24;20;2149;2000;4.497440670079107;4
poland_warszawa_2018_rakowiec.pb;451;0.3306451612903226;29;30;1364;1000;7.913489736070381;8
poland_warszawa_2018_sadul.pb;88;0.967032967032967;2;0;91;0;1.7912087912087913;2
poland_warszawa_2018_obszar-4-zoliborz-poludniowy-powazki.pb;3466;0.9954049396898335;5;0;3482;3000;1.4319356691556577;1
poland_warszawa_2018_rejon-5.pb;786;0.6111975116640747;25;20;1286;1000;3.269828926905132;3
poland_warszawa_2017_ursynow.pb;2344;0.3128253036167089;46;50;7493;7000;7.6111036967836645;8
poland_warszawa_2018_rejon-7.pb;711;0.7445026178010471;13;10;955;1000;4.620942408376964;5
poland_warszawa_2018_srodmiescie-polnocne.pb;338;0.7085953878406709;9;10;477;0;4.262054507337526;4
poland_warszawa_2018_rejon-9.pb;696;0.6510757717492984;18;20;1069;1000;3.3956969130028063;3
poland_warszawa_2018_slodowiec.pb;660;0.9217877094972067;6;10;716;1000;3.0153631284916202;3
poland_warszawa_2018_stare-miasto.pb;253;0.8377483443708609;7;10;302;0;2.890728476821192;3
poland_warszawa_2018_ruda-marymont-las-bielanski.pb;1398;0.8006872852233677;14;10;1746;2000;3.161512027491409;3
poland_warszawa_2018_stare-bielany.pb;777;0.6448132780082987;15;20;1205;1000;4.181742738589212;4
poland_warszawa_2018_rembertow.pb;417;0.2748846407382993;31;30;1517;2000;6.676334871456823;7
poland_warszawa_2018_subunit-wawer.pb;287;0.9534883720930233;5;0;301;0;2.046511627906977;2
poland_warszawa_2018_praga-polnoc.pb;959;0.3037694013303769;32;30;3157;3000;6.953120050681027;7
poland_warszawa_2018_rejon-3.pb;537;0.3354153653966271;39;40;1601;2000;7.624609618988132;8
poland_warszawa_2018_targowek-fabryczny-elsnerow-i-utrata.pb;327;0.540495867768595;17;20;605;1000;5.208264462809917;5
poland_warszawa_2018_rejon-6.pb;1059;0.38706140350877194;39;40;2736;3000;6.666301169590644;7
poland_warszawa_2018_stare-wlochy.pb;474;0.37829209896249005;19;20;1253;1000;4.806863527533919;5
poland_warszawa_2018_saska-kepa.pb;405;0.2751358695652174;21;20;1472;1000;7.771739130434782;8
poland_warszawa_2018_rejon-2.pb;1864;0.46658322903629534;41;40;3995;4000;5.195744680851064;5
poland_warszawa_2018_bialoleka.pb;4994;0.6035774715977762;29;30;8274;8000;4.3846990572878894;4
poland_warszawa_2018_targowek-mieszkaniowy.pb;338;0.5184049079754601;17;20;652;1000;8.0;8
poland_warszawa_2018_srodmiescie-poludniowe.pb;368;0.26455787203450754;28;30;1391;1000;6.838245866283249;7
poland_warszawa_2018_stara-ochota.pb;567;0.3302271403610949;29;30;1717;2000;6.071054164239953;6
poland_poznan_2023_.pb;38564;0.9997407580235391;10;10;38574;39000;1.0;1
poland_warszawa_2018_rejon-8.pb;896;0.4228409627182633;37;40;2119;2000;8.93440302029259;9
poland_warszawa_2018_wilanow-obszar-ii.pb;614;0.681465038845727;13;10;901;1000;3.104328523862375;3
poland_warszawa_2018_srodmiescie.pb;1254;0.32835820895522383;32;30;3819;4000;5.0864100549882165;5
poland_warszawa_2018_bielany.pb;3223;0.3944437645331049;43;40;8171;8000;6.991065964998164;7
poland_warszawa_2018_ursus-polnocny.pb;832;0.536428110896196;20;20;1551;2000;4.382978723404255;4
poland_warszawa_2018_wysokie-okecie.pb;217;0.5093896713615024;18;20;426;0;9.007042253521126;9
poland_warszawa_2018_wilanow-obszar-i.pb;1473;0.8852163461538461;9;10;1664;2000;4.71875;5
poland_warszawa_2018_szczesliwice.pb;611;0.2934678194044188;34;30;2082;2000;9.195004803073967;9
poland_warszawa_2018_ulrychow-odolany.pb;876;0.31544832553114877;26;30;2777;3000;6.887288440763414;7
poland_warszawa_2018_wawrzyszew.pb;1533;0.8215434083601286;12;10;1866;2000;6.10075026795284;6
poland_warszawa_2019_aleksandrow.pb;518;0.9792060491493384;5;0;529;1000;1.5935727788279772;2
poland_warszawa_2019_anin.pb;158;0.34573304157549234;17;20;457;0;5.658643326039387;6
poland_warszawa_2018_wrzeciono-mlociny.pb;577;0.42551622418879054;22;20;1356;1000;5.396017699115045;5
poland_warszawa_2019_bemowo-lotnisko-fort-bema.pb;548;0.9042904290429042;6;10;606;1000;3.5858085808580857;4
poland_warszawa_2018_wilanow.pb;2002;0.8296726067136345;17;20;2413;2000;2.385412349772068;2
poland_warszawa_2019_brodno-podgrodzie.pb;311;0.6295546558704453;11;10;494;0;4.287449392712551;4
poland_warszawa_2019_boernerowo-fort-radiowo-gorce-groty.pb;930;0.9657320872274143;6;10;963;1000;2.5597092419522327;3
poland_warszawa_2018_ursus-poludniowy.pb;731;0.3260481712756468;32;30;2242;2000;6.568688670829617;7
poland_warszawa_2018_zerzen.pb;647;0.9542772861356932;6;10;678;1000;1.7138643067846608;2
poland_warszawa_2018_zielony-ursynow.pb;955;0.6229615133724723;17;20;1533;2000;5.469015003261578;5
poland_warszawa_2019_falenica.pb;512;0.7852760736196319;10;10;652;1000;3.1855828220858897;3
poland_warszawa_2019_brodno.pb;206;0.2119341563786008;24;20;972;1000;6.469135802469136;6
poland_warszawa_2019_grochow-centrum.pb;511;0.8545150501672241;8;10;598;1000;3.008361204013378;3
poland_warszawa_2018_zacisze.pb;259;0.3320512820512821;21;20;780;1000;6.652564102564103;7
poland_warszawa_2019_grochow-kinowa.pb;393;0.80040733197556;10;10;491;0;3.0977596741344198;3
poland_warszawa_2019_marysin-wawerski-poludniowy.pb;82;0.9647058823529412;2;0;85;0;1.3058823529411765;1
poland_warszawa_2019_las.pb;72;0.5669291338582677;13;10;127;0;8.015748031496063;8
poland_warszawa_2019_chomiczowka.pb;518;0.4408510638297872;17;20;1175;1000;7.0161702127659575;7
poland_warszawa_2019_grochow-polnocny.pb;614;0.956386292834891;5;0;642;1000;3.014018691588785;3
poland_warszawa_2019_chrzanow-jelonki-poludniowe-jelonki-polnocne.pb;1464;0.9219143576826196;8;10;1588;2000;2.9464735516372795;3
poland_warszawa_2019_muranow.pb;179;0.9835164835164835;2;0;182;0;1.5384615384615385;2
poland_warszawa_2019_miedzeszyn.pb;277;0.9389830508474576;5;0;295;0;2.0;2
poland_warszawa_2019_marysin-wawerski-polnocny.pb;248;0.5890736342042755;13;10;421;0;4.2137767220902616;4
poland_warszawa_2019_nadwisle.pb;163;0.7951219512195122;7;10;205;0;3.102439024390244;3
poland_warszawa_2019_miedzylesie.pb;370;0.7939914163090129;10;10;466;0;3.4871244635193133;3
poland_warszawa_2019_kamionek.pb;605;0.9043348281016442;7;10;669;1000;3.334828101644245;3
poland_warszawa_2019_miasto-ogrod-sadyba.pb;892;0.839134524929445;11;10;1063;1000;3.1269990592662276;3
poland_warszawa_2019_obszar-3-marymont-potok-zoliborz-dziennikarski.pb;366;0.6039603960396039;12;10;606;1000;4.567656765676568;5
poland_warszawa_2019_obszar-1-zoliborz-centralny.pb;181;0.23941798941798942;19;20;756;1000;6.726190476190476;7
poland_warszawa_2019_obszar-2-sady-zoliborskie-zatrasie-rudawka.pb;476;0.6329787234042553;14;10;752;1000;5.045212765957447;5
poland_warszawa_2018_targowek.pb;1792;0.43803471033977026;21;20;4091;4000;5.113419701784405;5
poland_warszawa_2019_bemowo.pb;1551;0.5752967359050445;17;20;2696;3000;7.402077151335312;7
poland_warszawa_2019_obszar-5-powazki.pb;334;0.9175824175824175;6;10;364;0;2.980769230769231;3
poland_warszawa_2019_obszar-i-wilanow-wysoki-wilanow-niski-zachodni.pb;199;0.8223140495867769;7;10;242;0;4.409090909090909;4
poland_warszawa_2019_obszar-4-zoliborz-poludniowy.pb;424;0.9658314350797267;5;0;439;0;2.0432801822323463;2
poland_warszawa_2019_obszar-iii-powsin-kepa-latoszkowa-zamosc-latoszki.pb;114;0.7402597402597403;7;10;154;0;2.4805194805194803;2
poland_warszawa_2019_obszar-4-piekielko-zeran-annopol.pb;720;0.9625668449197861;5;0;748;1000;3.2379679144385025;3
poland_warszawa_2019_grochow-poludniowy.pb;1074;0.50997150997151;32;30;2106;2000;5.461538461538462;5
poland_warszawa_2019_obszar-ii-wilanow-niski-wschodni-zawady-powsinek-kepa-zawadowska.pb;210;0.41015625;19;20;512;1000;4.1328125;4
poland_warszawa_2019_piaski.pb;450;0.8064516129032258;9;10;558;1000;3.813620071684588;4
poland_warszawa_2018_ursynow-wysoki-poludniowy.pb;979;0.22290528233151186;48;50;4392;4000;10.350182149362476;10
poland_warszawa_2019_obszar-ii-stara-praga-ze-szmulowizna-z-michalowem.pb;553;0.4924309884238647;19;20;1123;1000;4.764024933214603;5
poland_warszawa_2019_okecie.pb;414;0.5233881163084703;26;30;791;1000;6.145385587863464;6
poland_warszawa_2019_obszar-i-nowa-praga-z-pelcowizna.pb;407;0.35890652557319225;20;20;1134;1000;6.246913580246914;6
poland_warszawa_2019_obszar-2-choszczowka-bialoleka-dworska-dabrowka-szlachecka-henrykow-szamocin.pb;690;0.38917089678510997;35;40;1773;2000;7.4450084602368864;7
poland_warszawa_2019_przyczolek-grochowski.pb;270;0.9854014598540146;4;0;274;0;1.0;1
poland_warszawa_2019_goclaw.pb;813;0.3004434589800443;29;30;2706;3000;8.635254988913525;9
poland_warszawa_2019_radiowo-wolka-weglowa-placowka-huta.pb;141;0.9929577464788732;1;0;142;0;1.0;1
poland_warszawa_2019_radosc.pb;159;0.8594594594594595;5;0;185;0;2.9783783783783786;3
poland_warszawa_2018_wola.pb;4695;0.8468614718614719;11;10;5544;6000;5.571608946608946;6
poland_warszawa_2019_obszar-iv-wilanow-zachodni-osiedle-arbuzowa.pb;895;0.5517879161528977;17;20;1622;2000;5.235511713933415;5
poland_warszawa_2019_sadul.pb;107;0.9727272727272728;2;0;110;0;1.7272727272727273;2
poland_warszawa_2018_wawer.pb;1996;0.4300797241973713;55;60;4641;5000;5.35832794656324;5
poland_warszawa_2019_przywisle.pb;912;0.8854368932038835;8;10;1030;1000;2.940776699029126;3
poland_warszawa_2019_obszar-3-kobialka-augustow-brzeziny-grodzisk-lewandow.pb;675;0.2706495589414595;50;50;2494;2000;8.429029671210905;8
poland_warszawa_2019_ruda-marymont-las-bielanski.pb;585;0.8147632311977716;9;10;718;1000;4.653203342618385;5
poland_warszawa_2019_rejon-poludniowy.pb;576;0.620021528525296;13;10;929;1000;7.665231431646932;8
poland_warszawa_2018_praga-poludnie.pb;2464;0.28325094838487186;35;40;8699;9000;6.414185538567652;6
poland_warszawa_2019_rembertow.pb;153;0.20675675675675675;23;20;740;1000;8.383783783783784;8
poland_warszawa_2019_slodowiec.pb;386;0.8635346756152125;7;10;447;0;4.004474272930649;4
poland_warszawa_2019_srodmiescie-polnocne.pb;288;0.7272727272727273;9;10;396;0;4.681818181818182;5
poland_warszawa_2019_siekierki-augustowka.pb;413;0.6011644832605532;14;10;687;1000;7.245997088791849;7
poland_warszawa_2019_rejon-polnocno-zachodni.pb;890;0.5993265993265993;15;20;1485;1000;5.788552188552188;6
poland_warszawa_2019_rakowiec.pb;663;0.4885777450257922;26;30;1357;1000;7.253500368459838;7
poland_warszawa_2019_sluzew.pb;579;0.8733031674208145;8;10;663;1000;3.349924585218703;3
poland_warszawa_2019_praga-polnoc.pb;452;0.2343182996371177;28;30;1929;2000;7.658372213582167;8
poland_warszawa_2019_stare-miasto.pb;308;0.7457627118644068;9;10;413;0;2.876513317191283;3
poland_warszawa_2019_subunit-wawer.pb;271;0.9442508710801394;6;10;287;0;2.5714285714285716;3
poland_warszawa_2019_sluzewiec.pb;577;0.573558648111332;16;20;1006;1000;4.790258449304175;5
poland_warszawa_2019_ochota.pb;1133;0.4118502362777172;21;20;2751;3000;6.905852417302799;7
poland_warszawa_2019_srodmiescie-poludniowe.pb;611;0.6541755888650964;14;10;934;1000;5.06423982869379;5
poland_warszawa_2019_stara-ochota.pb;488;0.7733755942947702;9;10;631;1000;5.4659270998415215;5
poland_warszawa_2019_saska-kepa.pb;740;0.5657492354740061;20;20;1308;1000;9.08868501529052;9
poland_warszawa_2019_stare-bielany.pb;584;0.6894923258559622;12;10;847;1000;4.079102715466352;4
poland_warszawa_2019_sielce.pb;648;0.4503127171646977;41;40;1439;1000;7.2418346073662265;7
poland_warszawa_2019_rejon-polnocno-wschodni.pb;1227;0.45783582089552244;39;40;2680;3000;5.463805970149254;5
poland_poznan_2023_green-budget.pb;40081;0.9997256310485882;11;10;40092;40000;1.0;1
poland_warszawa_2019_targowek-mieszkaniowy.pb;165;0.2648475120385233;21;20;623;1000;5.719101123595506;6
poland_warszawa_2019_obszar-1-tarchomin-nowodwory-kepa-tarchominska.pb;979;0.2462273641851107;61;60;3976;4000;7.3050804828973845;7
poland_warszawa_2019_targowek-fabryczny-elsnerow-i-utrata.pb;181;0.5261627906976745;17;20;344;0;10.023255813953488;10
poland_warszawa_2019_ursus-polnocny.pb;698;0.4550195567144719;26;30;1534;2000;5.059973924380704;5
poland_warszawa_2019_szczesliwice.pb;850;0.5476804123711341;16;20;1552;2000;6.88659793814433;7
poland_warszawa_2018_ursynow-wysoki-polnocny.pb;1272;0.24456835223995388;62;60;5201;5000;11.676408383003269;12
poland_warszawa_2019_subunit-wlochy.pb;501;0.3005398920215957;27;30;1667;2000;7.9370125974805035;8
poland_warszawa_2019_zacisze.pb;200;0.44052863436123346;14;10;454;0;6.083700440528634;6
poland_warszawa_2019_zerzen.pb;290;0.8761329305135952;7;10;331;0;4.419939577039275;4
poland_warszawa_2019_bielany.pb;2318;0.37789370720573856;34;30;6134;6000;6.60172807303554;7
poland_warszawa_2019_sadyba-stegny.pb;1068;0.48391481649297685;34;30;2207;2000;6.476212052560037;6
poland_warszawa_2019_ursus-poludniowy.pb;794;0.42077371489136195;26;30;1887;2000;6.074721780604134;6
poland_warszawa_2019_wawrzyszew.pb;1254;0.6826347305389222;17;20;1837;2000;4.765922700054436;5
poland_warszawa_2019_srodmiescie.pb;1932;0.7860048820179008;17;20;2458;2000;3.584214808787632;4
poland_warszawa_2019_wesola.pb;734;0.46514575411913817;25;20;1578;2000;5.056400506970849;5
poland_warszawa_2019_wrzeciono-mlociny.pb;738;0.47307692307692306;27;30;1560;2000;4.9;5
poland_warszawa_2019_zielony-ursynow.pb;845;0.5610889774236387;17;20;1506;2000;5.081673306772909;5
poland_warszawa_2019_targowek.pb;665;0.2462051092188079;29;30;2701;3000;8.558311736393929;9
poland_warszawa_2019_wierzbno-wygledow.pb;1865;0.6206322795341098;24;20;3005;3000;3.9104825291181364;4
poland_warszawa_2019_wawer.pb;1270;0.36337625178826893;48;50;3495;3000;5.715307582260372;6
poland_warszawa_2019_stary-mokotow.pb;3668;0.689732982324182;25;20;5318;5000;3.590071455434374;4
poland_warszawa_2020_rembertow.pb;294;0.194059405940594;41;40;1515;2000;8.03960396039604;8
poland_warszawa_2019_ursynow-poludniowy.pb;1162;0.2912280701754386;42;40;3990;4000;7.762155388471178;8
poland_warszawa_2019_ursynow-polnocny.pb;1046;0.2767928023286583;51;50;3779;4000;7.897062715003969;8
poland_warszawa_2019_wola.pb;1847;0.4531403336604515;26;30;4076;4000;5.300294406280667;5
poland_warszawa_2020_wesola.pb;520;0.345514950166113;21;20;1505;2000;5.877076411960133;6
poland_warszawa_2020_ursus.pb;1052;0.3300909946658299;30;30;3187;3000;6.630373391904612;7
poland_warszawa_2020_srodmiescie.pb;708;0.22145761651548324;38;40;3197;3000;7.690334688770722;8
poland_warszawa_2019_praga-poludnie.pb;2272;0.3094103227563666;35;40;7343;7000;7.903036905896773;8
poland_warszawa_2020_ochota.pb;1494;0.2920821114369502;51;50;5115;5000;8.159530791788857;8
poland_warszawa_2020_wilanow.pb;404;0.15538461538461534;43;40;2600;3000;8.33576923076923;8
poland_warszawa_2020_praga-polnoc.pb;439;0.14891451831750335;68;70;2948;3000;10.261533242876526;10
poland_warszawa_2020_wlochy.pb;459;0.1933445661331087;45;40;2374;2000;8.672704296545914;9
poland_warszawa_2020_bemowo.pb;889;0.16288017588860393;44;40;5458;5000;8.876877977281055;9
poland_warszawa_2020_zoliborz.pb;940;0.2668938103350369;26;30;3522;4000;7.231686541737649;7
poland_warszawa_2020_targowek.pb;1148;0.2111070246414123;88;90;5438;5000;8.77951452739978;9
poland_warszawa_2019_ursynow.pb;1414;0.1840426916569049;58;60;7683;8000;13.060783548093193;13
poland_warszawa_2021_praga-polnoc.pb;325;0.10808114399733959;59;60;3007;3000;10.900565347522448;11
poland_warszawa_2021_rembertow.pb;517;0.28547763666482606;53;50;1811;2000;8.632247377139702;9
poland_warszawa_2020_wawer.pb;1321;0.24229640498899485;137;140;5452;5000;8.719552457813647;9
poland_warszawa_2021_bemowo.pb;1115;0.1900460201124936;48;50;5867;6000;10.130731208454065;10
poland_warszawa_2020_bielany.pb;2395;0.29926277645882793;108;110;8003;8000;8.485068099462701;8
poland_warszawa_2021_wesola.pb;365;0.2454606590450572;40;40;1487;1000;7.678547410894418;8
poland_warszawa_2020_wola.pb;938;0.13697429906542058;98;100;6848;7000;10.198452102803738;10
poland_warszawa_2021_ochota.pb;1000;0.1801152737752162;90;90;5552;6000;10.438940922190202;10
poland_warszawa_2021_srodmiescie.pb;583;0.14247311827956988;51;50;4092;4000;10.069159335288367;10
poland_warszawa_2021_ursus.pb;1023;0.24042303172737955;65;60;4255;4000;9.032432432432433;9
poland_warszawa_2020_bialoleka.pb;2327;0.21634436593529194;113;110;10756;11000;9.167069542580885;9
poland_warszawa_2021_wilanow.pb;610;0.20285999334885263;26;30;3007;3000;8.076820751579648;8
poland_warszawa_2021_wlochy.pb;561;0.18220201364079247;49;50;3079;3000;9.43000974342319;9
poland_warszawa_2020_ursynow.pb;1324;0.1310242454230579;121;120;10105;10000;11.36031667491341;11
poland_warszawa_2020_mokotow.pb;3046;0.2533899010065719;118;120;12021;12000;8.549122369187256;9
poland_warszawa_2021_wawer.pb;967;0.2074217074217074;100;100;4662;5000;9.274989274989276;9
poland_warszawa_2021_targowek.pb;942;0.17142857142857137;91;90;5495;5000;9.933757961783439;10
poland_warszawa_2021_zoliborz.pb;763;0.16244411326378538;67;70;4697;5000;10.351926761762828;10
poland_warszawa_2021_bielany.pb;1674;0.2048458149779736;132;130;8172;8000;10.465369554576602;10
poland_warszawa_2022_rembertow.pb;205;0.15916149068322982;66;70;1288;1000;10.111024844720497;10
poland_warszawa_2021_bialoleka.pb;1993;0.18015004971526716;110;110;11063;11000;10.531591792461358;11
poland_warszawa_2022_bemowo.pb;1046;0.21174089068825908;49;50;4940;5000;9.867206477732793;10
poland_warszawa_2020_praga-poludnie.pb;3471;0.2329999328723904;134;130;14897;15000;9.146405316506678;9
poland_warszawa_2022_praga-polnoc.pb;350;0.13389441469013008;90;90;2614;3000;11.361897475133894;11
poland_warszawa_2022_srodmiescie.pb;1277;0.32912371134020624;31;30;3880;4000;7.277319587628866;7
poland_warszawa_2022_ochota.pb;728;0.1476673427991887;54;50;4930;5000;10.723935091277891;11
poland_lodz_2020_.pb;26865;0.521934255517563;151;150;51472;51000;3.8240791109729564;4
poland_warszawa_2021_mokotow.pb;2675;0.20683522771205443;98;100;12933;13000;9.70834299853089;10
poland_warszawa_2022_wesola.pb;241;0.1825757575757576;44;40;1320;1000;8.887878787878789;9
poland_warszawa_2021_ursynow.pb;1245;0.13332619404583423;105;100;9338;9000;11.435318055258085;11
poland_warszawa_2021_praga-poludnie.pb;1462;0.1383421650264951;106;110;10568;11000;11.144492808478425;11
poland_warszawa_2022_ursus.pb;613;0.16896361631753032;75;80;3628;4000;10.284178610804851;10
poland_warszawa_2022_wilanow.pb;478;0.19916666666666671;25;20;2400;2000;8.38125;8
poland_warszawa_2022_bialoleka.pb;1373;0.18541525995948682;79;80;7405;7000;9.99527346387576;10
poland_warszawa_2021_wola.pb;1560;0.18040939054007166;107;110;8647;9000;10.672024979761767;11
poland_warszawa_2022_bielany.pb;1235;0.1870361956686355;109;110;6603;7000;10.63516583371195;11
poland_warszawa_2022_wlochy.pb;431;0.17463533225283634;54;50;2468;2000;9.695705024311183;10
poland_warszawa_2022_targowek.pb;1129;0.22854251012145754;87;90;4940;5000;9.43157894736842;9
poland_warszawa_2022_zoliborz.pb;537;0.19757174392935983;32;30;2718;3000;8.867917586460633;9
poland_warszawa_2023_rembertow.pb;174;0.14846416382252559;38;40;1172;1000;9.309726962457338;9
poland_warszawa_2022_wawer.pb;1279;0.25351833498513376;111;110;5045;5000;8.897720515361744;9
poland_warszawa_2023_praga-polnoc.pb;315;0.1117814052519518;91;90;2818;3000;11.509226401703335;12
poland_warszawa_2022_mokotow.pb;2753;0.2493885315698886;97;100;11039;11000;9.231633300117764;9
poland_warszawa_2023_srodmiescie.pb;817;0.21040432655163532;47;50;3883;4000;9.028586144733454;9
poland_warszawa_2022_ursynow.pb;913;0.13684052757793763;107;110;6672;7000;11.586031175059953;12
poland_warszawa_2023_wesola.pb;249;0.2108382726502963;29;30;1181;1000;7.8653683319221;8
poland_warszawa_2023_bielany.pb;585;0.11803874092009681;98;100;4956;5000;11.399919289749798;11
poland_warszawa_2023_targowek.pb;806;0.17222222222222228;97;100;4680;5000;10.40042735042735;10
poland_warszawa_2023_bemowo.pb;659;0.12722007722007722;83;80;5180;5000;10.796911196911196;11
poland_warszawa_2023_ochota.pb;469;0.10678506375227692;81;80;4392;4000;11.549635701275045;12
poland_warszawa_2023_wilanow.pb;354;0.15012722646310428;35;40;2358;2000;9.588210347752332;10
poland_warszawa_2023_ursus.pb;912;0.20181456074352733;72;70;4519;5000;9.408054879398097;9
poland_warszawa_2023_wlochy.pb;321;0.14459459459459456;43;40;2220;2000;9.50900900900901;10
poland_warszawa_2022_praga-poludnie.pb;1812;0.17382962394474288;96;100;10424;10000;10.337490406753645;10
poland_warszawa_2023_zoliborz.pb;477;0.19034317637669596;31;30;2506;3000;8.52633679169992;9
poland_warszawa_2023_ursynow.pb;542;0.08658146964856228;64;60;6260;6000;11.522364217252397;12
poland_warszawa_2022_wola.pb;2920;0.31547104580812446;94;90;9256;9000;9.090319792566984;9
poland_warszawa_2023_wawer.pb;1540;0.30249459831074443;79;80;5091;5000;8.28403064230996;8
poland_wroclaw_2016_rejon-nr-11-750.pb;3040;0.9983579638752053;5;0;3045;3000;1.0;1
poland_warszawa_2023_bialoleka.pb;1859;0.2026599803771939;72;70;9173;9000;9.796249863730514;10
poland_wroclaw_2016_rejon-nr-11-250.pb;2962;0.9979784366576819;6;10;2968;3000;1.0;1
poland_wroclaw_2016_rejon-nr-1-250.pb;5325;0.9955131800336512;24;20;5349;5000;1.0;1
poland_wroclaw_2016_rejon-nr-13-250.pb;1960;0.9924050632911392;15;20;1975;2000;1.0;1
poland_wroclaw_2016_rejon-nr-1-750.pb;6571;0.9942502647904373;38;40;6609;7000;1.0;1
poland_warszawa_2023_praga-poludnie.pb;1098;0.12306657700067247;81;80;8922;9000;11.00481954718673;11
poland_wroclaw_2016_rejon-nr-13-750.pb;2086;0.9961795606494747;8;10;2094;2000;1.0;1
poland_warszawa_2023_wola.pb;1181;0.17470414201183437;67;70;6760;7000;10.346745562130177;10
poland_warszawa_2023_mokotow.pb;2760;0.24939007861208995;81;80;11067;11000;9.06361254179091;9
poland_wroclaw_2016_rejon-nr-10-250.pb;9416;0.9975633011971607;23;20;9439;9000;1.0;1
poland_wroclaw_2016_rejon-nr-14-250.pb;4385;0.9965909090909091;15;20;4400;4000;1.0;1
poland_wroclaw_2016_rejon-nr-14-750.pb;5130;0.9976662777129521;12;10;5142;5000;1.0;1
poland_wroclaw_2016_rejon-nr-10-750.pb;12651;0.998973468098547;13;10;12664;13000;1.0;1
poland_wroclaw_2016_rejon-nr-2-750.pb;5696;0.9978976874562018;12;10;5708;6000;1.0;1
poland_wroclaw_2016_rejon-nr-4-250.pb;3391;0.9979399646851089;7;10;3398;3000;1.0;1
poland_wroclaw_2016_rejon-nr-4-750.pb;3756;0.9976095617529881;9;10;3765;4000;1.0;1
poland_wroclaw_2016_rejon-nr-12-250.pb;10696;0.9985995705349641;15;20;10711;11000;1.0;1
poland_wroclaw_2016_rejon-nr-2-250.pb;5508;0.9978260869565218;12;10;5520;6000;1.0;1
poland_wroclaw_2016_rejon-nr-3-750.pb;5169;0.9967219436945622;17;20;5186;5000;1.0;1
poland_wroclaw_2016_rejon-nr-3-250.pb;6455;0.9979901051329623;13;10;6468;6000;1.0;1
poland_wroclaw_2016_rejon-nr-6-250.pb;3833;0.9955844155844156;17;20;3850;4000;1.0;1
poland_wroclaw_2016_rejon-nr-8-250.pb;2352;0.9961880559085133;9;10;2361;2000;1.0;1
poland_wroclaw_2016_rejon-nr-12-750.pb;11283;0.998672331386086;15;20;11298;11000;1.0;1
poland_wroclaw_2016_rejon-nr-8-750.pb;3345;0.9976140769460184;8;10;3353;3000;1.0;1
poland_wroclaw_2016_rejon-nr-5-250.pb;5612;0.9978662873399715;12;10;5624;6000;1.0;1
poland_wroclaw_2016_rejon-nr-9-750.pb;4276;0.9974341031024027;11;10;4287;4000;1.0;1
poland_wroclaw_2016_rejon-nr-5-750.pb;5154;0.9976771196283392;12;10;5166;5000;1.0;1
poland_wroclaw_2016_rejon-nr-7-250.pb;5387;0.9964853866074732;19;20;5406;5000;1.0;1
poland_wroclaw_2016_rejon-nr-7-750.pb;4660;0.9963651913619842;17;20;4677;5000;1.0;1
poland_wroclaw_2017_rejon-nr-11-250.pb;1665;0.9964093357271095;6;10;1671;2000;1.0;1
poland_wroclaw_2017_rejon-nr-11-750.pb;1011;0.9970414201183432;3;0;1014;1000;1.0;1
poland_wroclaw_2016_rejon-nr-6-750.pb;8300;0.9985563041385948;12;10;8312;8000;1.0;1
poland_wroclaw_2016_rejon-nr-9-250.pb;5766;0.9970603492996715;17;20;5783;6000;1.0;1
poland_wroclaw_2017_rejon-nr-13-750.pb;2895;0.996900826446281;9;10;2904;3000;1.0;1
poland_wroclaw_2017_rejon-nr-10-750.pb;5452;0.9979864543291231;11;10;5463;5000;1.0;1
poland_wroclaw_2017_rejon-nr-13-250.pb;3237;0.9972273567467652;9;10;3246;3000;1.0;1
poland_wroclaw_2017_rejon-nr-1-250.pb;6804;0.9964850615114236;24;20;6828;7000;1.0;1
poland_wroclaw_2017_rejon-nr-10-250.pb;6047;0.9975255691191026;15;20;6062;6000;1.0;1
poland_wroclaw_2017_rejon-nr-14-250.pb;4543;0.998242144583608;8;10;4551;5000;1.0;1
poland_wroclaw_2017_rejon-nr-14-750.pb;6730;0.998664490280457;9;10;6739;7000;1.0;1
poland_wroclaw_2017_rejon-nr-12-750.pb;7543;0.9981474129945745;14;10;7557;8000;1.0;1
poland_wroclaw_2017_rejon-nr-2-750.pb;3131;0.9971337579617834;9;10;3140;3000;1.0;1
poland_wroclaw_2017_rejon-nr-3-250.pb;5450;0.9974377745241582;14;10;5464;5000;1.0;1
poland_wroclaw_2017_rejon-nr-4-250.pb;4378;0.9990871748060246;4;0;4382;4000;1.0;1
poland_wroclaw_2017_rejon-nr-12-250.pb;9082;0.9985706432105552;13;10;9095;9000;1.0;1
poland_wroclaw_2017_rejon-nr-2-250.pb;5458;0.9981711777615215;10;10;5468;5000;1.0;1
poland_wroclaw_2017_rejon-nr-4-750.pb;5628;0.9985805535841022;8;10;5636;6000;1.0;1
poland_wroclaw_2017_rejon-nr-8-250.pb;2325;0.9987113402061856;3;0;2328;2000;1.0;1
poland_wroclaw_2017_rejon-nr-3-750.pb;7090;0.9980292792792793;14;10;7104;7000;1.0;1
poland_wroclaw_2017_rejon-nr-5-250.pb;3950;0.9982309830679807;7;10;3957;4000;1.0;1
poland_wroclaw_2017_rejon-nr-7-750.pb;4246;0.9967136150234742;14;10;4260;4000;1.0;1
poland_wroclaw_2017_rejon-nr-7-250.pb;3547;0.9971886421141412;10;10;3557;4000;1.0;1
poland_wroclaw_2017_rejon-nr-1-750.pb;13898;0.9977744274535143;31;30;13929;14000;1.0;1
poland_wroclaw_2017_rejon-nr-5-750.pb;5037;0.9986122125297383;7;10;5044;5000;1.0;1
poland_wroclaw_2017_rejon-nr-8-750.pb;3793;0.9984206370097394;6;10;3799;4000;1.0;1
poland_wroclaw_2017_rejon-nr-6-750.pb;7640;0.9984317825405122;12;10;7652;8000;1.0;1
poland_wroclaw_2018_rejon-nr-11-250.pb;1950;0.9969325153374233;6;10;1956;2000;1.0;1
poland_wroclaw_2017_rejon-nr-9-250.pb;5240;0.9969558599695586;16;20;5256;5000;1.0;1
poland_wroclaw_2017_rejon-nr-6-250.pb;8636;0.9980353634577603;17;20;8653;9000;1.0;1
poland_wroclaw_2018_rejon-nr-11-750.pb;2520;0.9968354430379747;8;10;2528;3000;1.0;1
poland_wroclaw_2017_rejon-nr-9-750.pb;6058;0.9968734572980089;19;20;6077;6000;1.0;1
poland_wroclaw_2018_rejon-nr-1-250.pb;6964;0.9987093073282661;9;10;6973;7000;1.0;1
poland_wroclaw_2018_rejon-nr-10-750.pb;6509;0.9984660223960731;10;10;6519;7000;1.0;1
poland_wroclaw_2018_rejon-nr-13-750.pb;2768;0.998196898665705;5;0;2773;3000;1.0;1
poland_wroclaw_2018_rejon-nr-10-250.pb;6130;0.9975589910496339;15;20;6145;6000;1.0;1
poland_wroclaw_2018_rejon-nr-13-250.pb;2683;0.9973977695167286;7;10;2690;3000;1.0;1
poland_wroclaw_2018_rejon-nr-12-750.pb;4987;0.9983983983983984;8;10;4995;5000;1.0;1
poland_wroclaw_2018_rejon-nr-2-250.pb;1313;0.9977203647416414;3;0;1316;1000;1.0;1
poland_wroclaw_2018_rejon-nr-1-750.pb;8177;0.9981689453125;15;20;8192;8000;1.0;1
poland_wroclaw_2018_rejon-nr-2-750.pb;1792;0.9977728285077951;4;0;1796;2000;1.0;1
poland_wroclaw_2018_rejon-nr-14-250.pb;4822;0.9985504245185338;7;10;4829;5000;1.0;1
poland_wroclaw_2018_rejon-nr-12-250.pb;6297;0.9985727878211227;9;10;6306;6000;1.0;1
poland_wroclaw_2018_rejon-nr-4-250.pb;2924;0.997611736608666;7;10;2931;3000;1.0;1
poland_wroclaw_2018_rejon-nr-4-750.pb;2468;0.9975747776879548;6;10;2474;2000;1.0;1
poland_wroclaw_2018_rejon-nr-3-250.pb;4211;0.9981038160701589;8;10;4219;4000;1.0;1
poland_wroclaw_2018_rejon-nr-14-750.pb;5362;0.9986962190352021;7;10;5369;5000;1.0;1
poland_wroclaw_2018_rejon-nr-3-750.pb;4302;0.998375493153864;7;10;4309;4000;1.0;1
poland_wroclaw_2018_rejon-nr-8-250.pb;1987;0.9984924623115577;3;0;1990;2000;1.0;1
poland_wroclaw_2018_rejon-nr-5-250.pb;4674;0.9976520811099253;11;10;4685;5000;1.0;1
poland_wroclaw_2018_rejon-nr-7-750.pb;3790;0.9992090693382547;3;0;3793;4000;1.0;1
poland_wroclaw_2018_rejon-nr-5-750.pb;4444;0.9988761519442572;5;0;4449;4000;1.0;1
poland_wroclaw_2018_rejon-nr-6-250.pb;4749;0.998948254101809;5;0;4754;5000;1.0;1
poland_wroclaw_2018_rejon-nr-7-250.pb;4860;0.9981515711645101;9;10;4869;5000;1.0;1
poland_wroclaw_2018_rejon-nr-8-750.pb;2728;0.9985358711566618;4;0;2732;3000;1.0;1
poland_wroclaw_2018_rejon-nr-9-250.pb;4008;0.99800796812749;8;10;4016;4000;1.0;1
poland_wroclaw_2018_rejon-nr-6-750.pb;4453;0.9982066801165658;8;10;4461;4000;1.0;1
poland_wroclaw_2018_rejon-nr-9-750.pb;8309;0.9989180091368117;9;10;8318;8000;1.0;1
poland_zabrze_2020_biskupice.pb;403;0.9950617283950617;2;0;405;0;1.0;1
poland_zabrze_2020_centrum-polnoc.pb;2403;0.9983381803074366;10;10;2407;2000;1.0;1
poland_zabrze_2020_.pb;9368;0.9992533333333333;12;10;9375;9000;1.0;1
poland_lodz_2022_.pb;66923;0.7395296925763034;160;160;90494;90000;3.6020509647048424;4
poland_zabrze_2020_grzybowice.pb;670;0.9940652818991098;4;0;674;1000;1.0;1
poland_zabrze_2020_centrum-poludnie.pb;2148;0.9958275382475661;14;10;2157;2000;1.0;1
poland_zabrze_2020_konczyce.pb;82;0.9761904761904762;2;0;84;0;1.0;1
poland_zabrze_2020_helenka.pb;311;0.9904458598726115;3;0;314;0;1.0;1
poland_zabrze_2020_makoszowy.pb;737;0.995945945945946;4;0;740;1000;1.0;1
poland_zabrze_2020_guido.pb;1182;0.9941126997476871;11;10;1189;1000;1.0;1
poland_zabrze_2020_mikulczyce.pb;907;0.9945175438596491;8;10;912;1000;1.0;1
poland_zabrze_2020_osiedle-mlodego-gornika.pb;60;0.9836065573770492;1;0;61;0;1.0;1
poland_zabrze_2020_osiedle-mikolaja-kopernika.pb;996;0.996996996996997;3;0;999;1000;1.0;1
poland_zabrze_2020_pawlow.pb;165;0.9880239520958084;2;0;167;0;1.0;1
poland_zabrze_2020_maciejow.pb;197;0.9949494949494949;3;0;198;0;1.0;1
poland_zabrze_2020_osiedle-tadeusza-kotarbinskiego.pb;452;0.9955947136563876;2;0;454;0;1.0;1
poland_zabrze_2020_zaborze-poludnie.pb;182;0.9837837837837837;4;0;185;0;1.0;1
poland_zabrze_2020_zandka.pb;152;0.9806451612903225;4;0;155;0;1.0;1
poland_zabrze_2020_zaborze-polnoc.pb;1051;0.9962085308056872;5;0;1055;1000;1.0;1
poland_zabrze_2021_biskupice.pb;928;0.9946409431939979;5;0;933;1000;1.0;1
poland_zabrze_2020_rokitnica.pb;1942;0.9969199178644764;6;10;1948;2000;1.0;1
poland_zabrze_2021_centrum-poludnie.pb;1295;0.9946236559139785;11;10;1302;1000;1.0;1
poland_zabrze_2021_centrum-polnoc.pb;2111;0.9966949952785646;7;10;2118;2000;1.0;1
poland_zabrze_2021_grzybowice.pb;453;0.993421052631579;3;0;456;0;1.0;1
poland_zabrze_2021_helenka.pb;412;0.9951690821256038;3;0;414;0;1.0;1
poland_zabrze_2021_guido.pb;658;0.9954614220877458;3;0;661;1000;1.0;1
poland_zabrze_2021_maciejow.pb;86;0.9885057471264368;2;0;87;0;1.0;1
poland_zabrze_2021_konczyce.pb;285;0.986159169550173;5;0;289;0;1.0;1
poland_zabrze_2021_makoszowy.pb;270;0.9926470588235294;3;0;272;0;1.0;1
poland_zabrze_2021_osiedle-mikolaja-kopernika.pb;405;0.995085995085995;4;0;407;0;1.0;1
poland_zabrze_2021_osiedle-mlodego-gornika.pb;240;0.995850622406639;1;0;241;0;1.0;1
poland_zabrze_2021_osiedle-tadeusza-kotarbinskiego.pb;495;0.9959758551307847;2;0;497;0;1.0;1
poland_zabrze_2021_pawlow.pb;200;0.9900990099009901;2;0;202;0;1.0;1
poland_zabrze_2021_mikulczyce.pb;1906;0.9984284965950759;4;0;1909;2000;1.0;1
poland_zabrze_2021_rokitnica.pb;1270;0.996078431372549;6;10;1275;1000;1.0;1
poland_zabrze_2021_zaborze-poludnie.pb;111;0.9910714285714286;1;0;112;0;1.0;1
poland_zabrze_2021_zandka.pb;104;0.9904761904761905;1;0;105;0;1.0;1
poland_zabrze_2021_zaborze-polnoc.pb;1277;0.99765625;3;0;1280;1000;1.0;1
poland_zabrze_2021_.pb;7779;0.9993576567317575;7;10;7784;8000;1.0;1
poland_wroclaw_2016_.pb;65762;0.9800157966111799;52;50;67103;67000;1.7762842197815298;2
poland_wroclaw_2018_cultural.pb;48821;0.9996314420852188;18;20;48839;49000;1.0;1
poland_wroclaw_2017_.pb;61291;0.9802011866493947;50;50;62529;63000;1.7905451870332165;2
poland_wroclaw_2018_.pb;52973;0.9846099514878905;39;40;53801;54000;1.8764335235404546;2
poland_warszawa_2020_.pb;15997;0.18446512378777924;101;100;86721;87000;7.2472180901973;7
poland_wroclaw_2019_.pb;80207;0.998866721462552;91;90;80298;80000;1.0;1
poland_wroclaw_2019_local.pb;80499;0.9982143521446375;144;140;80643;81000;1.0;1
poland_wroclaw_2021_local.pb;83632;0.9988534301547869;96;100;83728;84000;1.0;1
poland_wroclaw_2021_.pb;84534;0.9990899528430109;77;80;84611;85000;1.0;1
poland_wroclaw_2020_local.pb;88622;0.9986140064228971;123;120;88745;89000;1.0;1
poland_wroclaw_2020_.pb;89343;0.9991500687773291;76;80;89419;89000;1.0;1
poland_wroclaw_2015_up-to-150.pb;108279;0.9979723315422262;337;340;108499;108000;1.0;1
poland_warszawa_2021_.pb;11871;0.1237864836963889;106;110;95899;96000;8.276009134610371;8
poland_warszawa_2022_.pb;12493;0.1537902848560947;129;130;81234;81000;7.94439520397863;8
poland_wroclaw_2015_from-500.pb;127645;0.998998223411832;170;170;127773;128000;1.0;1
poland_warszawa_2023_.pb;10060;0.12749670485653453;138;140;78904;79000;8.224766805231674;8
poland_wroclaw_2015_150-500.pb;131581;0.9985050615428979;257;260;131778;132000;1.0;1
